id,firstName,lastName,email
s1,Munroe,Lemmens,s1@studenti.polito.it
s2,Iago,Harrowing,s2@studenti.polito.it
s3,Fraser,Pelos,s3@studenti.polito.it
s4,Horton,Malmar,s4@studenti.polito.it
s5,Lena,Beek,s5@studenti.polito.it
s6,Terrence,Bodycomb,s6@studenti.polito.it
s7,Robinia,Cruddas,s7@studenti.polito.it
s8,Lianna,Kalisch,s8@studenti.polito.it
s9,Livvie,MacGray,s9@studenti.polito.it
s10,Benito,Trouel,s10@studenti.polito.it
s11,Ashby,Spellworth,s11@studenti.polito.it
s12,Shermy,Raiman,s12@studenti.polito.it
s13,Benton,Carne,s13@studenti.polito.it
s14,Elianore,Kropp,s14@studenti.polito.it
s15,Brion,Booi,s15@studenti.polito.it
s16,Celina,Ganford,s16@studenti.polito.it
s17,Lexis,Pietsma,s17@studenti.polito.it
s18,Brynne,Scherer,s18@studenti.polito.it
s19,Nelly,Vassie,s19@studenti.polito.it
s20,Devlin,Orfeur,s20@studenti.polito.it
s21,Benita,Scranny,s21@studenti.polito.it
s22,Barry,Tondeur,s22@studenti.polito.it
s23,Tabbie,Pluck,s23@studenti.polito.it
s24,Thomas,Palethorpe,s24@studenti.polito.it
s25,Emalia,Shakesby,s25@studenti.polito.it
s26,Hubie,Handscomb,s26@studenti.polito.it
s27,Valenka,Rickert,s27@studenti.polito.it
s28,Dolf,Frame,s28@studenti.polito.it
s29,Leroy,Swadden,s29@studenti.polito.it
s30,Reta,Crevagh,s30@studenti.polito.it
s31,Stanley,Gronowe,s31@studenti.polito.it
s32,Darrel,Visick,s32@studenti.polito.it
s33,Bette,Wace,s33@studenti.polito.it
s34,Celestine,Farthin,s34@studenti.polito.it
s35,Kassi,Dunabie,s35@studenti.polito.it
s36,Sosanna,Neathway,s36@studenti.polito.it
s37,Loreen,Syrett,s37@studenti.polito.it
s38,Nikolai,Hebbard,s38@studenti.polito.it
s39,Caye,Rakes,s39@studenti.polito.it
s40,Meggie,O'Hartnedy,s40@studenti.polito.it
s41,Brok,Prate,s41@studenti.polito.it
s42,Cassi,Blaw,s42@studenti.polito.it
s43,Gael,Graysmark,s43@studenti.polito.it
s44,Danice,Wooland,s44@studenti.polito.it
s45,Claudetta,Deem,s45@studenti.polito.it
s46,Bobby,Jedrzej,s46@studenti.polito.it
s47,Englebert,Coaker,s47@studenti.polito.it
s48,Herminia,Newns,s48@studenti.polito.it
s49,Ricki,Arnout,s49@studenti.polito.it
s50,Theobald,Asee,s50@studenti.polito.it
s51,Antin,Jerred,s51@studenti.polito.it
s52,Lenard,Ruthen,s52@studenti.polito.it
s53,Joellyn,Dankersley,s53@studenti.polito.it
s54,Judi,Measom,s54@studenti.polito.it
s55,Bethanne,Wynne,s55@studenti.polito.it
s56,Layton,Curl,s56@studenti.polito.it
s57,Cassandra,Frackiewicz,s57@studenti.polito.it
s58,Rhiamon,Walpole,s58@studenti.polito.it
s59,Gerard,Poulglais,s59@studenti.polito.it
s60,Moishe,Lockhurst,s60@studenti.polito.it
s61,Danya,Fiennes,s61@studenti.polito.it
s62,Glenda,Labb,s62@studenti.polito.it
s63,Abram,Hawkins,s63@studenti.polito.it
s64,Daniel,Claisse,s64@studenti.polito.it
s65,Noellyn,Wilde,s65@studenti.polito.it
s66,Marty,Alliband,s66@studenti.polito.it
s67,Antone,Welbelove,s67@studenti.polito.it
s68,Patsy,Precious,s68@studenti.polito.it
s69,Federico,Carss,s69@studenti.polito.it
s70,Meredith,Ivett,s70@studenti.polito.it
s71,Ros,Jervois,s71@studenti.polito.it
s72,Yule,Klampk,s72@studenti.polito.it
s73,Virgilio,Osment,s73@studenti.polito.it
s74,Flo,Denzey,s74@studenti.polito.it
s75,Kristian,Willbourne,s75@studenti.polito.it
s76,Staford,Burnell,s76@studenti.polito.it
s77,Jeana,Feasley,s77@studenti.polito.it
s78,Debby,Novotni,s78@studenti.polito.it
s79,Maud,Garred,s79@studenti.polito.it
s80,Torrey,Bundey,s80@studenti.polito.it
s81,Luella,Denyakin,s81@studenti.polito.it
s82,Tabbie,Dimbylow,s82@studenti.polito.it
s83,Annamaria,Routham,s83@studenti.polito.it
s84,Dosi,Varah,s84@studenti.polito.it
s85,Giorgio,Willingale,s85@studenti.polito.it
s86,Pail,Harkes,s86@studenti.polito.it
s87,Sammy,Font,s87@studenti.polito.it
s88,Red,Bein,s88@studenti.polito.it
s89,Ashlen,Cadany,s89@studenti.polito.it
s90,Jaymie,Kerfoot,s90@studenti.polito.it
s91,Aurelia,De'Ath,s91@studenti.polito.it
s92,Tyrus,Gullyes,s92@studenti.polito.it
s93,Papageno,Kennion,s93@studenti.polito.it
s94,Melanie,Asbery,s94@studenti.polito.it
s95,Jonathon,Sherland,s95@studenti.polito.it
s96,Malcolm,Loddon,s96@studenti.polito.it
s97,Jasen,Dowdney,s97@studenti.polito.it
s98,Tedd,Gidman,s98@studenti.polito.it
s99,Bernadina,Templeton,s99@studenti.polito.it
s100,Hendrick,Scutts,s100@studenti.polito.it
s101,Portie,Toy,s101@studenti.polito.it
s102,Clio,Kaye,s102@studenti.polito.it
s103,Laurette,Davy,s103@studenti.polito.it
s104,Quinlan,Minigo,s104@studenti.polito.it
s105,Ludwig,Fernandez,s105@studenti.polito.it
s106,Beniamino,Heersma,s106@studenti.polito.it
s107,Amy,Walkley,s107@studenti.polito.it
s108,Ofelia,Fishpond,s108@studenti.polito.it
s109,Pedro,Winnett,s109@studenti.polito.it
s110,Inesita,Pawden,s110@studenti.polito.it
s111,Sharline,Huleatt,s111@studenti.polito.it
s112,Sharla,Hupka,s112@studenti.polito.it
s113,Sonnnie,Napoli,s113@studenti.polito.it
s114,Daisey,Philipart,s114@studenti.polito.it
s115,Weidar,Lotze,s115@studenti.polito.it
s116,Vevay,Isgate,s116@studenti.polito.it
s117,Angie,Jedrychowski,s117@studenti.polito.it
s118,Jayme,Downton,s118@studenti.polito.it
s119,Caren,Cutford,s119@studenti.polito.it
s120,Putnam,Pragnell,s120@studenti.polito.it
s121,Sascha,Goldes,s121@studenti.polito.it
s122,Mei,Ruggiero,s122@studenti.polito.it
s123,Honey,Orans,s123@studenti.polito.it
s124,Pinchas,Meneghi,s124@studenti.polito.it
s125,Yorker,Kellie,s125@studenti.polito.it
s126,Robert,Ochterlony,s126@studenti.polito.it
s127,Anjela,Kuhne,s127@studenti.polito.it
s128,Conan,Wasselin,s128@studenti.polito.it
s129,Dame,Munning,s129@studenti.polito.it
s130,Cordelia,Mumford,s130@studenti.polito.it
s131,Stanwood,Rivaland,s131@studenti.polito.it
s132,Bertha,Berriball,s132@studenti.polito.it
s133,Cori,Schulz,s133@studenti.polito.it
s134,Gipsy,Matzaitis,s134@studenti.polito.it
s135,Kalila,Baine,s135@studenti.polito.it
s136,Joey,Vautrey,s136@studenti.polito.it
s137,Jeanine,Wrey,s137@studenti.polito.it
s138,Danella,Symmers,s138@studenti.polito.it
s139,Kaitlin,Bedbrough,s139@studenti.polito.it
s140,Bibby,Pellew,s140@studenti.polito.it
s141,Dee dee,Townsend,s141@studenti.polito.it
s142,Matty,Risely,s142@studenti.polito.it
s143,Stavro,Newarte,s143@studenti.polito.it
s144,Clem,Kleinhausen,s144@studenti.polito.it
s145,Lucilia,Goodie,s145@studenti.polito.it
s146,Arlana,Barney,s146@studenti.polito.it
s147,Shina,Dyte,s147@studenti.polito.it
s148,Aubry,Dixon,s148@studenti.polito.it
s149,Nellie,Frayne,s149@studenti.polito.it
s150,Mordecai,Delf,s150@studenti.polito.it
s151,Claybourne,Blucher,s151@studenti.polito.it
s152,Stanton,Saye,s152@studenti.polito.it
s153,Gery,Speakman,s153@studenti.polito.it
s154,Cacilie,Mallabone,s154@studenti.polito.it
s155,Gennie,Henken,s155@studenti.polito.it
s156,Floria,Lack,s156@studenti.polito.it
s157,Lilla,Craske,s157@studenti.polito.it
s158,Thorn,Voak,s158@studenti.polito.it
s159,Daisy,Connue,s159@studenti.polito.it
s160,Philip,Goodwill,s160@studenti.polito.it
s161,Tedmund,Avey,s161@studenti.polito.it
s162,Bernardina,Gawkes,s162@studenti.polito.it
s163,Marrilee,McFaul,s163@studenti.polito.it
s164,Dimitry,Davidde,s164@studenti.polito.it
s165,Oralle,Derill,s165@studenti.polito.it
s166,Kellsie,Fulep,s166@studenti.polito.it
s167,Padraic,McGlade,s167@studenti.polito.it
s168,Darill,Waight,s168@studenti.polito.it
s169,Quintilla,Willmont,s169@studenti.polito.it
s170,Paule,Bembrick,s170@studenti.polito.it
s171,Lonnard,Pouck,s171@studenti.polito.it
s172,Forrester,Habercham,s172@studenti.polito.it
s173,Stephenie,Inns,s173@studenti.polito.it
s174,Jasper,Roath,s174@studenti.polito.it
s175,Rochell,Ralfe,s175@studenti.polito.it
s176,Dede,Genery,s176@studenti.polito.it
s177,Darryl,Mapes,s177@studenti.polito.it
s178,Gladi,Bandey,s178@studenti.polito.it
s179,Darcey,Terbeck,s179@studenti.polito.it
s180,Kalli,Noone,s180@studenti.polito.it
s181,Corry,Gergus,s181@studenti.polito.it
s182,Filberte,Kattenhorn,s182@studenti.polito.it
s183,Eli,Cona,s183@studenti.polito.it
s184,Adolphus,Sycamore,s184@studenti.polito.it
s185,Humfrey,Sommerville,s185@studenti.polito.it
s186,Charlene,Swinney,s186@studenti.polito.it
s187,Victoir,Koppes,s187@studenti.polito.it
s188,Micky,Crowche,s188@studenti.polito.it
s189,Lexy,Knoble,s189@studenti.polito.it
s190,Nita,Truckell,s190@studenti.polito.it
s191,Donny,Gimert,s191@studenti.polito.it
s192,Berta,Nussen,s192@studenti.polito.it
s193,Max,Suckling,s193@studenti.polito.it
s194,Teressa,Pesic,s194@studenti.polito.it
s195,Tammie,Olivello,s195@studenti.polito.it
s196,Anjanette,Bramhall,s196@studenti.polito.it
s197,Syman,Thouless,s197@studenti.polito.it
s198,Irita,Hars,s198@studenti.polito.it
s199,Stephan,Giannazzi,s199@studenti.polito.it
s200,Jennie,Dymoke,s200@studenti.polito.it
s201,Billie,Izkovitch,s201@studenti.polito.it
s202,Carry,Kille,s202@studenti.polito.it
s203,Deny,Cuddon,s203@studenti.polito.it
s204,Benjamin,M'cowis,s204@studenti.polito.it
s205,Annabelle,Vain,s205@studenti.polito.it
s206,Edsel,Meale,s206@studenti.polito.it
s207,Codee,Robjohns,s207@studenti.polito.it
s208,Milt,Stanfield,s208@studenti.polito.it
s209,Duane,Gear,s209@studenti.polito.it
s210,Sari,Saunder,s210@studenti.polito.it
s211,Genevieve,Wetherell,s211@studenti.polito.it
s212,Benedict,Chilvers,s212@studenti.polito.it
s213,Lowrance,Fehners,s213@studenti.polito.it
s214,Gene,Dyhouse,s214@studenti.polito.it
s215,Lyle,Tidy,s215@studenti.polito.it
s216,Chadd,Kedie,s216@studenti.polito.it
s217,Efrem,Fullylove,s217@studenti.polito.it
s218,Drugi,Gendricke,s218@studenti.polito.it
s219,Arlinda,Kemson,s219@studenti.polito.it
s220,Valentino,Davidy,s220@studenti.polito.it
s221,Dode,Brecknock,s221@studenti.polito.it
s222,Zelig,Sivier,s222@studenti.polito.it
s223,Shelly,Harriman,s223@studenti.polito.it
s224,Tobey,Picopp,s224@studenti.polito.it
s225,Leonelle,Ebrall,s225@studenti.polito.it
s226,Tara,Hastelow,s226@studenti.polito.it
s227,Desirae,Shergill,s227@studenti.polito.it
s228,Janeta,Redmain,s228@studenti.polito.it
s229,Maressa,Billiard,s229@studenti.polito.it
s230,Sherwood,Fawks,s230@studenti.polito.it
s231,Northrup,Shawyer,s231@studenti.polito.it
s232,Sharai,Sarle,s232@studenti.polito.it
s233,Paula,Duffus,s233@studenti.polito.it
s234,Suellen,Tather,s234@studenti.polito.it
s235,Farah,Goodbanne,s235@studenti.polito.it
s236,Jourdain,Tarney,s236@studenti.polito.it
s237,Ginevra,Slott,s237@studenti.polito.it
s238,Bartlet,Milkeham,s238@studenti.polito.it
s239,Frederico,Normanton,s239@studenti.polito.it
s240,Ethelbert,Bratcher,s240@studenti.polito.it
s241,Giacomo,Markie,s241@studenti.polito.it
s242,Robinson,Sowthcote,s242@studenti.polito.it
s243,Reinhold,Hames,s243@studenti.polito.it
s244,Sebastiano,Husk,s244@studenti.polito.it
s245,Si,Seabourne,s245@studenti.polito.it
s246,Rhiamon,Paterson,s246@studenti.polito.it
s247,Pearce,Neilson,s247@studenti.polito.it
s248,Sigvard,Kent,s248@studenti.polito.it
s249,Wash,Stronack,s249@studenti.polito.it
s250,Adelle,MacClinton,s250@studenti.polito.it
s251,Nicoline,Rankling,s251@studenti.polito.it
s252,Angele,Couper,s252@studenti.polito.it
s253,Terrie,Sonschein,s253@studenti.polito.it
s254,Yehudi,Dubbin,s254@studenti.polito.it
s255,Asher,Riddall,s255@studenti.polito.it
s256,Tabbi,Ragsdall,s256@studenti.polito.it
s257,Doralynn,Dutt,s257@studenti.polito.it
s258,Zulema,Moen,s258@studenti.polito.it
s259,Paola,Burchmore,s259@studenti.polito.it
s260,Ruddy,Kahan,s260@studenti.polito.it
s261,Cooper,Potten,s261@studenti.polito.it
s262,Paulette,Ferrieroi,s262@studenti.polito.it
s263,Blondy,Allawy,s263@studenti.polito.it
s264,Haily,Preston,s264@studenti.polito.it
s265,Chandal,Millott,s265@studenti.polito.it
s266,Blane,O' Culligan,s266@studenti.polito.it
s267,Xenia,Natte,s267@studenti.polito.it
s268,Lek,Sussams,s268@studenti.polito.it
s269,Walther,Carme,s269@studenti.polito.it
s270,Sterling,Nicholas,s270@studenti.polito.it
s271,Reese,Pittendreigh,s271@studenti.polito.it
s272,Friedrich,Vaudre,s272@studenti.polito.it
s273,Sydelle,Jakubowicz,s273@studenti.polito.it
s274,Francoise,Stearndale,s274@studenti.polito.it
s275,Siouxie,Mace,s275@studenti.polito.it
s276,Erny,Meneyer,s276@studenti.polito.it
s277,Haleigh,Drysdale,s277@studenti.polito.it
s278,Priscella,Arndtsen,s278@studenti.polito.it
s279,Verla,Scurr,s279@studenti.polito.it
s280,Herby,Tawton,s280@studenti.polito.it
s281,Jeffie,Olligan,s281@studenti.polito.it
s282,Roi,Siddle,s282@studenti.polito.it
s283,Yardley,Northway,s283@studenti.polito.it
s284,Malvina,Sprigging,s284@studenti.polito.it
s285,Agnes,Emberson,s285@studenti.polito.it
s286,Lexi,Jonah,s286@studenti.polito.it
s287,Linnet,Bradane,s287@studenti.polito.it
s288,Katy,Margetts,s288@studenti.polito.it
s289,Ariel,McGrotty,s289@studenti.polito.it
s290,Lance,Hambelton,s290@studenti.polito.it
s291,Lyn,Ledwidge,s291@studenti.polito.it
s292,Ferdinande,Veljes,s292@studenti.polito.it
s293,Timothy,Landsman,s293@studenti.polito.it
s294,Prue,Brigdale,s294@studenti.polito.it
s295,Tania,Beat,s295@studenti.polito.it
s296,Arluene,Perkinson,s296@studenti.polito.it
s297,Michaeline,Sprowell,s297@studenti.polito.it
s298,Chloris,Yapp,s298@studenti.polito.it
s299,Garrek,Baudy,s299@studenti.polito.it
s300,Patsy,Smickle,s300@studenti.polito.it
s301,Celina,Imesen,s301@studenti.polito.it
s302,Lolita,Shutte,s302@studenti.polito.it
s303,Chelsea,Cardenas,s303@studenti.polito.it
s304,Henrietta,Orwin,s304@studenti.polito.it
s305,Desiree,Izhakov,s305@studenti.polito.it
s306,Peria,Matyashev,s306@studenti.polito.it
s307,Debby,Skepper,s307@studenti.polito.it
s308,Serena,Rawstorn,s308@studenti.polito.it
s309,Audrie,Cutchee,s309@studenti.polito.it
s310,Ailina,Tweddle,s310@studenti.polito.it
s311,Merrile,Duffy,s311@studenti.polito.it
s312,Jehanna,Gotts,s312@studenti.polito.it
s313,Kassia,Grolle,s313@studenti.polito.it
s314,Velvet,Burtwistle,s314@studenti.polito.it
s315,Bartlett,Brodest,s315@studenti.polito.it
s316,Josias,Carnock,s316@studenti.polito.it
s317,Adelaida,Jan,s317@studenti.polito.it
s318,Bat,Bosson,s318@studenti.polito.it
s319,Karita,Simner,s319@studenti.polito.it
s320,Riccardo,Thaxton,s320@studenti.polito.it
s321,Mollee,Doogue,s321@studenti.polito.it
s322,Rusty,Warsap,s322@studenti.polito.it
s323,Mufinella,Heustice,s323@studenti.polito.it
s324,Aluin,Ternent,s324@studenti.polito.it
s325,Francyne,Lorant,s325@studenti.polito.it
s326,Ayn,Sultan,s326@studenti.polito.it
s327,Waylin,Bullingham,s327@studenti.polito.it
s328,Shaine,Heddan,s328@studenti.polito.it
s329,Susie,Blaxall,s329@studenti.polito.it
s330,Matilda,Marran,s330@studenti.polito.it
s331,Helaine,O'Cannan,s331@studenti.polito.it
s332,Gisele,Piquard,s332@studenti.polito.it
s333,Kennett,McGreay,s333@studenti.polito.it
s334,Wynnie,O'Carrol,s334@studenti.polito.it
s335,Hanni,Druitt,s335@studenti.polito.it
s336,Morganne,Jovanovic,s336@studenti.polito.it
s337,Clarette,Mabone,s337@studenti.polito.it
s338,Tallie,Bagger,s338@studenti.polito.it
s339,Jojo,Proswell,s339@studenti.polito.it
s340,Hayyim,Britt,s340@studenti.polito.it
s341,Albert,Blissitt,s341@studenti.polito.it
s342,Donny,Birth,s342@studenti.polito.it
s343,Norina,Goffe,s343@studenti.polito.it
s344,Darci,Preuvost,s344@studenti.polito.it
s345,Edvard,Kix,s345@studenti.polito.it
s346,Darb,Asbery,s346@studenti.polito.it
s347,Dewey,Dik,s347@studenti.polito.it
s348,Gilda,Atherton,s348@studenti.polito.it
s349,Kiah,Pesterfield,s349@studenti.polito.it
s350,Lizzy,Belderson,s350@studenti.polito.it
s351,Tracey,Schober,s351@studenti.polito.it
s352,Constantina,Derrell,s352@studenti.polito.it
s353,Kaela,Mathen,s353@studenti.polito.it
s354,Sol,Faers,s354@studenti.polito.it
s355,Tabby,Sweynson,s355@studenti.polito.it
s356,Gabbie,Elan,s356@studenti.polito.it
s357,Emelyne,Fillimore,s357@studenti.polito.it
s358,Marty,Freiburger,s358@studenti.polito.it
s359,Sonny,Irnys,s359@studenti.polito.it
s360,Claudine,Gossington,s360@studenti.polito.it
s361,Pansy,Oglethorpe,s361@studenti.polito.it
s362,Celestia,Lancett,s362@studenti.polito.it
s363,Ber,Bush,s363@studenti.polito.it
s364,Elvis,Cortese,s364@studenti.polito.it
s365,Christin,Gumm,s365@studenti.polito.it
s366,Marcia,Hollow,s366@studenti.polito.it
s367,Adelaida,Mattheis,s367@studenti.polito.it
s368,Nevin,Moggach,s368@studenti.polito.it
s369,Laureen,Hazeltine,s369@studenti.polito.it
s370,Mellisa,Rustan,s370@studenti.polito.it
s371,Staci,Baake,s371@studenti.polito.it
s372,Harmony,Heitz,s372@studenti.polito.it
s373,Ingemar,Chazette,s373@studenti.polito.it
s374,Elladine,Dast,s374@studenti.polito.it
s375,Evaleen,Fullilove,s375@studenti.polito.it
s376,Brant,Middlewick,s376@studenti.polito.it
s377,Syd,Syphus,s377@studenti.polito.it
s378,Daria,Matuszewski,s378@studenti.polito.it
s379,Shel,Hathwood,s379@studenti.polito.it
s380,Abey,Piotr,s380@studenti.polito.it
s381,Arnaldo,Farthing,s381@studenti.polito.it
s382,Lyn,Habeshaw,s382@studenti.polito.it
s383,Annaliese,Golton,s383@studenti.polito.it
s384,Ruprecht,Perett,s384@studenti.polito.it
s385,Cynthia,Mariyushkin,s385@studenti.polito.it
s386,Kennett,Van Arsdall,s386@studenti.polito.it
s387,Dot,Cowope,s387@studenti.polito.it
s388,Broderic,Dugue,s388@studenti.polito.it
s389,Dorie,Petyanin,s389@studenti.polito.it
s390,Kellsie,Sapsford,s390@studenti.polito.it
s391,Iorgos,Macallam,s391@studenti.polito.it
s392,Alessandra,Eyes,s392@studenti.polito.it
s393,Stephani,Daughtry,s393@studenti.polito.it
s394,Erminia,Mealham,s394@studenti.polito.it
s395,Rodie,Asher,s395@studenti.polito.it
s396,Rafaellle,Soppitt,s396@studenti.polito.it
s397,Shanda,Gelling,s397@studenti.polito.it
s398,Stanton,Filimore,s398@studenti.polito.it
s399,Fancie,Peagram,s399@studenti.polito.it
s400,Illa,Pogson,s400@studenti.polito.it
s401,Eudora,Bulfield,s401@studenti.polito.it
s402,Clea,Anthill,s402@studenti.polito.it
s403,Drucie,Ryhorovich,s403@studenti.polito.it
s404,Randie,Farden,s404@studenti.polito.it
s405,Ashley,MacKeller,s405@studenti.polito.it
s406,Orv,Letherbury,s406@studenti.polito.it
s407,Farand,Reboul,s407@studenti.polito.it
s408,Garry,Scholes,s408@studenti.polito.it
s409,Jeddy,Mullord,s409@studenti.polito.it
s410,Carlo,Elvey,s410@studenti.polito.it
s411,Merissa,Banisch,s411@studenti.polito.it
s412,Nerti,Kerford,s412@studenti.polito.it
s413,Giles,Greber,s413@studenti.polito.it
s414,Cosette,Murrow,s414@studenti.polito.it
s415,Chico,Mizen,s415@studenti.polito.it
s416,Pris,Blair,s416@studenti.polito.it
s417,Vivien,Huchot,s417@studenti.polito.it
s418,Ronald,Sancroft,s418@studenti.polito.it
s419,Reggie,Astley,s419@studenti.polito.it
s420,Aluino,Doak,s420@studenti.polito.it
s421,Maiga,Wooder,s421@studenti.polito.it
s422,Laetitia,Millott,s422@studenti.polito.it
s423,Malina,Franckton,s423@studenti.polito.it
s424,Free,Lockton,s424@studenti.polito.it
s425,Elie,Lefley,s425@studenti.polito.it
s426,Marsh,Hughland,s426@studenti.polito.it
s427,Dora,Andrick,s427@studenti.polito.it
s428,Luther,Esposi,s428@studenti.polito.it
s429,Orbadiah,Capel,s429@studenti.polito.it
s430,Hank,Dyshart,s430@studenti.polito.it
s431,Idalina,McClenan,s431@studenti.polito.it
s432,Olimpia,Ccomini,s432@studenti.polito.it
s433,Phillis,Beckwith,s433@studenti.polito.it
s434,Ted,Bingell,s434@studenti.polito.it
s435,Chelsea,Ridgedell,s435@studenti.polito.it
s436,Alphonso,Aylin,s436@studenti.polito.it
s437,Reynard,Lethieulier,s437@studenti.polito.it
s438,Raquela,Thursfield,s438@studenti.polito.it
s439,Vicky,Firle,s439@studenti.polito.it
s440,Juliette,Youd,s440@studenti.polito.it
s441,Isa,Newman,s441@studenti.polito.it
s442,Cristi,Sothcott,s442@studenti.polito.it
s443,Madlen,Paschke,s443@studenti.polito.it
s444,Nonna,Boreham,s444@studenti.polito.it
s445,Priscella,Breckell,s445@studenti.polito.it
s446,Lynsey,Adamek,s446@studenti.polito.it
s447,Jeane,Weblin,s447@studenti.polito.it
s448,Jorey,Pfeffle,s448@studenti.polito.it
s449,Gale,Mallan,s449@studenti.polito.it
s450,Fran,Vedyaev,s450@studenti.polito.it
s451,Sim,Minors,s451@studenti.polito.it
s452,Matthaeus,Franciotti,s452@studenti.polito.it
s453,Yvon,McMurray,s453@studenti.polito.it
s454,Kinnie,Scales,s454@studenti.polito.it
s455,Duncan,Sutterby,s455@studenti.polito.it
s456,Donn,Hickenbottom,s456@studenti.polito.it
s457,Wallie,Birkbeck,s457@studenti.polito.it
s458,Daven,Itschakov,s458@studenti.polito.it
s459,Rennie,Scanes,s459@studenti.polito.it
s460,Weston,MacKey,s460@studenti.polito.it
s461,Aldin,Fraanchyonok,s461@studenti.polito.it
s462,Giuseppe,Gilffilland,s462@studenti.polito.it
s463,Charmane,Dunbar,s463@studenti.polito.it
s464,Amerigo,Codrington,s464@studenti.polito.it
s465,Kellsie,Wimms,s465@studenti.polito.it
s466,Erda,Blaase,s466@studenti.polito.it
s467,Corly,Honnan,s467@studenti.polito.it
s468,Kailey,Pearsall,s468@studenti.polito.it
s469,Nani,Hambridge,s469@studenti.polito.it
s470,Cecily,Mathiassen,s470@studenti.polito.it
s471,Alfonso,Skittrall,s471@studenti.polito.it
s472,Bess,Hayhow,s472@studenti.polito.it
s473,Danya,Peerman,s473@studenti.polito.it
s474,Blanch,Bendix,s474@studenti.polito.it
s475,Tracie,Keslake,s475@studenti.polito.it
s476,Rey,Vannuccini,s476@studenti.polito.it
s477,Felicio,Dedmam,s477@studenti.polito.it
s478,Aldo,Phizackerly,s478@studenti.polito.it
s479,Roxine,Shapter,s479@studenti.polito.it
s480,Raven,Brettor,s480@studenti.polito.it
s481,Daphna,Conti,s481@studenti.polito.it
s482,Bliss,Skill,s482@studenti.polito.it
s483,Conrado,Jakubovits,s483@studenti.polito.it
s484,Midge,Mellish,s484@studenti.polito.it
s485,Darnall,Edleston,s485@studenti.polito.it
s486,Juieta,Hunnawill,s486@studenti.polito.it
s487,Lauren,Gwyther,s487@studenti.polito.it
s488,Nikki,Rouch,s488@studenti.polito.it
s489,Broderic,Skokoe,s489@studenti.polito.it
s490,Jesselyn,Nicklin,s490@studenti.polito.it
s491,Livy,Dawbury,s491@studenti.polito.it
s492,Brandais,Lithcow,s492@studenti.polito.it
s493,Fanni,Coveny,s493@studenti.polito.it
s494,Judy,Bellie,s494@studenti.polito.it
s495,Nelie,Francescoccio,s495@studenti.polito.it
s496,Reese,Trevithick,s496@studenti.polito.it
s497,Gamaliel,Brand-Hardy,s497@studenti.polito.it
s498,Augustine,Fores,s498@studenti.polito.it
s499,Olivier,Groomebridge,s499@studenti.polito.it
s500,Alexandra,Roke,s500@studenti.polito.it
